/* PROYECTO: Formando Campeones
   CICLO 1
   OBJETIVO: Ingreso de datos correctos */

/*PERSONAS */
INSERT INTO Persona (idPersona, documento, nombres, apellidos, fechaNacimiento, telefono, correo)
VALUES (1, '1000000001', 'Juan', 'Perez', DATE '2010-05-10', '3001111111', 'juan.perez@mail.com');
INSERT INTO Persona (idPersona, documento, nombres, apellidos, fechaNacimiento, telefono, correo)
VALUES (2, '1000000002', 'Carlos', 'Gomez', DATE '2011-03-22', '3002222222', 'carlos.gomez@mail.com');
INSERT INTO Persona (idPersona, documento, nombres, apellidos, fechaNacimiento, telefono, correo)
VALUES (3, '1000000003', 'Laura', 'Martinez', DATE '1985-08-18', '3003333333', 'laura.martinez@mail.com');
INSERT INTO Persona (idPersona, documento, nombres, apellidos, fechaNacimiento, telefono, correo)
VALUES (4, '1000000004', 'Ana', 'Rodriguez', DATE '1978-11-02', '3004444444', 'ana.rodriguez@mail.com');
INSERT INTO Persona (idPersona, documento, nombres, apellidos, fechaNacimiento, telefono, correo)
VALUES (5, '1000000005', 'Pedro', 'Lopez', DATE '1980-07-14', '3005555555', 'pedro.lopez@mail.com');
INSERT INTO Persona (idPersona, documento, nombres, apellidos, fechaNacimiento, telefono, correo)
VALUES (6, '1000000006', 'Diego', 'Sanchez', DATE '2009-01-15', '3006666666', 'diego.sanchez@mail.com');
INSERT INTO Persona (idPersona, documento, nombres, apellidos, fechaNacimiento, telefono, correo)
VALUES (7, '1000000007', 'Sofia', 'Hernandez', DATE '2010-12-20', '3007777777', 'sofia.hernandez@mail.com');
INSERT INTO Persona (idPersona, documento, nombres, apellidos, fechaNacimiento, telefono, correo)
VALUES (8, '1000000008', 'Miguel', 'Torres', DATE '2011-06-05', '3008888888', 'miguel.torres@mail.com');
INSERT INTO Persona (idPersona, documento, nombres, apellidos, fechaNacimiento, telefono, correo)
VALUES (9, '1000000009', 'Isabella', 'Ramirez', DATE '2010-09-30', '3009999999', 'isabella.ramirez@mail.com');
INSERT INTO Persona (idPersona, documento, nombres, apellidos, fechaNacimiento, telefono, correo)
VALUES (10, '1000000010', 'Andres', 'Castro', DATE '2009-03-12', '3010000000', 'andres.castro@mail.com');
INSERT INTO Persona (idPersona, documento, nombres, apellidos, fechaNacimiento, telefono, correo)
VALUES (11, '1000000011', 'Valentina', 'Morales', DATE '2010-02-28', '3011111111', 'valentina.morales@mail.com');
INSERT INTO Persona (idPersona, documento, nombres, apellidos, fechaNacimiento, telefono, correo)
VALUES (12, '1000000012', 'Felipe', 'Gutierrez', DATE '2011-07-19', '3012222222', 'felipe.gutierrez@mail.com');
INSERT INTO Persona (idPersona, documento, nombres, apellidos, fechaNacimiento, telefono, correo)
VALUES (13, '1000000013', 'Camila', 'Flores', DATE '2010-04-08', '3013333333', 'camila.flores@mail.com');
INSERT INTO Persona (idPersona, documento, nombres, apellidos, fechaNacimiento, telefono, correo)
VALUES (14, '1000000014', 'Santiago', 'Rivera', DATE '2009-11-25', '3014444444', 'santiago.rivera@mail.com');
INSERT INTO Persona (idPersona, documento, nombres, apellidos, fechaNacimiento, telefono, correo)
VALUES (15, '1000000015', 'Martina', 'Vargas', DATE '2010-08-11', '3015555555', 'martina.vargas@mail.com');
INSERT INTO Persona (idPersona, documento, nombres, apellidos, fechaNacimiento, telefono, correo)
VALUES (16, '1000000016', 'Jorge', 'Silva', DATE '1982-05-16', '3016666666', 'jorge.silva@mail.com');
INSERT INTO Persona (idPersona, documento, nombres, apellidos, fechaNacimiento, telefono, correo)
VALUES (17, '1000000017', 'Angela', 'Mendez', DATE '1981-09-23', '3017777777', 'angela.mendez@mail.com');
INSERT INTO Persona (idPersona, documento, nombres, apellidos, fechaNacimiento, telefono, correo)
VALUES (18, '1000000018', 'Roberto', 'Jimenez', DATE '1979-12-07', '3018888888', 'roberto.jimenez@mail.com');
INSERT INTO Persona (idPersona, documento, nombres, apellidos, fechaNacimiento, telefono, correo)
VALUES (19, '1000000019', 'Monica', 'Rojas', DATE '1983-03-14', '3019999999', 'monica.rojas@mail.com');
INSERT INTO Persona (idPersona, documento, nombres, apellidos, fechaNacimiento, telefono, correo)
VALUES (20, '1000000020', 'Cristian', 'Medina', DATE '1984-06-21', '3020000000', 'cristian.medina@mail.com');
INSERT INTO Persona (idPersona, documento, nombres, apellidos, fechaNacimiento, telefono, correo)
VALUES (21, '1000000021', 'Lucia', 'Ortiz', DATE '2010-10-03', '3021111111', 'lucia.ortiz@mail.com');
INSERT INTO Persona (idPersona, documento, nombres, apellidos, fechaNacimiento, telefono, correo)
VALUES (22, '1000000022', 'Adrian', 'Fuentes', DATE '2011-01-18', '3022222222', 'adrian.fuentes@mail.com');
INSERT INTO Persona (idPersona, documento, nombres, apellidos, fechaNacimiento, telefono, correo)
VALUES (23, '1000000023', 'Daniela', 'Munoz', DATE '2010-05-29', '3023333333', 'daniela.munoz@mail.com');
INSERT INTO Persona (idPersona, documento, nombres, apellidos, fechaNacimiento, telefono, correo)
VALUES (24, '1000000024', 'Sergio', 'Ochoa', DATE '2009-09-04', '3024444444', 'sergio.ochoa@mail.com');
INSERT INTO Persona (idPersona, documento, nombres, apellidos, fechaNacimiento, telefono, correo)
VALUES (25, '1000000025', 'Paulina', 'Prieto', DATE '2010-11-26', '3025555555', 'paulina.prieto@mail.com');
INSERT INTO Persona (idPersona, documento, nombres, apellidos, fechaNacimiento, telefono, correo)
VALUES (26, '1000000026', 'Manuel', 'Delgado', DATE '1980-04-09', '3026666666', 'manuel.delgado@mail.com');
INSERT INTO Persona (idPersona, documento, nombres, apellidos, fechaNacimiento, telefono, correo)
VALUES (27, '1000000027', 'Rosa', 'Corona', DATE '1986-07-31', '3027777777', 'rosa.corona@mail.com');
INSERT INTO Persona (idPersona, documento, nombres, apellidos, fechaNacimiento, telefono, correo)
VALUES (28, '1000000028', 'Victor', 'Casas', DATE '1981-02-14', '3028888888', 'victor.casas@mail.com');
INSERT INTO Persona (idPersona, documento, nombres, apellidos, fechaNacimiento, telefono, correo)
VALUES (29, '1000000029', 'Natalia', 'Vidal', DATE '1982-10-02', '3029999999', 'natalia.vidal@mail.com');
INSERT INTO Persona (idPersona, documento, nombres, apellidos, fechaNacimiento, telefono, correo)
VALUES (30, '1000000030', 'Fernando', 'Campos', DATE '1983-01-22', '3030000000', 'fernando.campos@mail.com');
INSERT INTO Persona (idPersona, documento, nombres, apellidos, fechaNacimiento, telefono, correo)
VALUES (31, '1000000031', 'Patricia', 'Molina', DATE '2009-04-10', '3031111111', 'patricia.molina@mail.com');
INSERT INTO Persona (idPersona, documento, nombres, apellidos, fechaNacimiento, telefono, correo)
VALUES (32, '1000000032', 'Luis', 'Pena', DATE '2011-08-17', '3032222222', 'luis.pena@mail.com');
INSERT INTO Persona (idPersona, documento, nombres, apellidos, fechaNacimiento, telefono, correo)
VALUES (33, '1000000033', 'Carmen', 'Aguilar', DATE '2010-03-06', '3033333333', 'carmen.aguilar@mail.com');
INSERT INTO Persona (idPersona, documento, nombres, apellidos, fechaNacimiento, telefono, correo)
VALUES (34, '1000000034', 'Ruben', 'Soto', DATE '2009-12-24', '3034444444', 'ruben.soto@mail.com');
INSERT INTO Persona (idPersona, documento, nombres, apellidos, fechaNacimiento, telefono, correo)
VALUES (35, '1000000035', 'Lidia', 'Rivas', DATE '1984-08-19', '3035555555', 'lidia.rivas@mail.com');
INSERT INTO Persona (idPersona, documento, nombres, apellidos, fechaNacimiento, telefono, correo)
VALUES (36, '1000000036', 'Oscar', 'Suarez', DATE '1985-11-03', '3036666666', 'oscar.suarez@mail.com');
INSERT INTO Persona (idPersona, documento, nombres, apellidos, fechaNacimiento, telefono, correo)
VALUES (37, '1000000037', 'Susana', 'Navarro', DATE '1986-05-12', '3037777777', 'susana.navarro@mail.com');
INSERT INTO Persona (idPersona, documento, nombres, apellidos, fechaNacimiento, telefono, correo)
VALUES (38, '1000000038', 'Javier', 'Leon', DATE '1979-09-27', '3038888888', 'javier.leon@mail.com');
INSERT INTO Persona (idPersona, documento, nombres, apellidos, fechaNacimiento, telefono, correo)
VALUES (39, '1000000039', 'Teresa', 'Guerrero', DATE '1983-06-15', '3039999999', 'teresa.guerrero@mail.com');
INSERT INTO Persona (idPersona, documento, nombres, apellidos, fechaNacimiento, telefono, correo)
VALUES (40, '1000000040', 'Juan', 'Acosta', DATE '2010-02-08', '3040000000', 'juan.acosta@mail.com');
INSERT INTO Persona (idPersona, documento, nombres, apellidos, fechaNacimiento, telefono, correo)
VALUES (41, '1000000041', 'Mariana', 'Benitez', DATE '2011-04-21', '3041111111', 'mariana.benitez@mail.com');
INSERT INTO Persona (idPersona, documento, nombres, apellidos, fechaNacimiento, telefono, correo)
VALUES (42, '1000000042', 'Eduardo', 'Cespedes', DATE '2009-07-14', '3042222222', 'eduardo.cespedes@mail.com');
INSERT INTO Persona (idPersona, documento, nombres, apellidos, fechaNacimiento, telefono, correo)
VALUES (43, '1000000043', 'Iris', 'Dominguez', DATE '2010-06-28', '3043333333', 'iris.dominguez@mail.com');
INSERT INTO Persona (idPersona, documento, nombres, apellidos, fechaNacimiento, telefono, correo)
VALUES (44, '1000000044', 'Marcus', 'Espinosa', DATE '1980-10-11', '3044444444', 'marcus.espinosa@mail.com');
INSERT INTO Persona (idPersona, documento, nombres, apellidos, fechaNacimiento, telefono, correo)
VALUES (45, '1000000045', 'Francisca', 'Franco', DATE '1981-03-29', '3045555555', 'francisca.franco@mail.com');
INSERT INTO Persona (idPersona, documento, nombres, apellidos, fechaNacimiento, telefono, correo)
VALUES (46, '1000000046', 'Gabriel', 'Galvez', DATE '1982-01-07', '3046666666', 'gabriel.galvez@mail.com');
INSERT INTO Persona (idPersona, documento, nombres, apellidos, fechaNacimiento, telefono, correo)
VALUES (47, '1000000047', 'Hilda', 'Herrera', DATE '2010-09-19', '3047777777', 'hilda.herrera@mail.com');
INSERT INTO Persona (idPersona, documento, nombres, apellidos, fechaNacimiento, telefono, correo)
VALUES (48, '1000000048', 'Ivan', 'Ibarra', DATE '2011-02-03', '3048888888', 'ivan.ibarra@mail.com');
INSERT INTO Persona (idPersona, documento, nombres, apellidos, fechaNacimiento, telefono, correo)
VALUES (49, '1000000049', 'Juliana', 'Jaime', DATE '2010-07-25', '3049999999', 'juliana.jaime@mail.com');
INSERT INTO Persona (idPersona, documento, nombres, apellidos, fechaNacimiento, telefono, correo)
VALUES (50, '1000000050', 'Khalid', 'Karim', DATE '2009-05-13', '3050000000', 'khalid.karim@mail.com');

INSERT INTO Persona (idPersona, documento, nombres, apellidos, fechaNacimiento, telefono, correo)
VALUES (51, '1000000051', 'Veronica', 'Lara', DATE '2010-01-05', '3051111111', 'veronica.lara@mail.com');
INSERT INTO Persona (idPersona, documento, nombres, apellidos, fechaNacimiento, telefono, correo)
VALUES (52, '1000000052', 'Patricio', 'Reyes', DATE '2011-09-14', '3052222222', 'patricio.reyes@mail.com');
INSERT INTO Persona (idPersona, documento, nombres, apellidos, fechaNacimiento, telefono, correo)
VALUES (53, '1000000053', 'Alicia', 'Sanchez', DATE '2009-08-22', '3053333333', 'alicia.sanchez@mail.com');
INSERT INTO Persona (idPersona, documento, nombres, apellidos, fechaNacimiento, telefono, correo)
VALUES (54, '1000000054', 'Mauricio', 'Tavera', DATE '1980-11-18', '3054444444', 'mauricio.tavera@mail.com');
INSERT INTO Persona (idPersona, documento, nombres, apellidos, fechaNacimiento, telefono, correo)
VALUES (55, '1000000055', 'Graciela', 'Uribe', DATE '1984-07-09', '3055555555', 'graciela.uribe@mail.com');

/* ESCUELAS (5 registros) */
INSERT INTO Escuela (idEscuela, nombre, direccion, telefono, correo)
VALUES (1, 'Escuela Formando Campeones Norte', 'Calle 10 # 15-20', '6011111111', 'norte@campeones.com');
INSERT INTO Escuela (idEscuela, nombre, direccion, telefono, correo)
VALUES (2, 'Escuela Formando Campeones Sur', 'Carrera 20 # 30-40', '6012222222', 'sur@campeones.com');
INSERT INTO Escuela (idEscuela, nombre, direccion, telefono, correo)
VALUES (3, 'Escuela Formando Campeones Centro', 'Avenida Principal 100', '6013333333', 'centro@campeones.com');
INSERT INTO Escuela (idEscuela, nombre, direccion, telefono, correo)
VALUES (4, 'Escuela Formando Campeones Oriente', 'Calle 50 # 25-15', '6014444444', 'oriente@campeones.com');
INSERT INTO Escuela (idEscuela, nombre, direccion, telefono, correo)
VALUES (5, 'Escuela Formando Campeones Occidente', 'Diagonal 80 # 40-50', '6015555555', 'occidente@campeones.com');

INSERT INTO Escuela (idEscuela, nombre, direccion, telefono, correo)
VALUES (6, 'Escuela Formando Campeones Este', 'Calle 80 # 60-70', '6016666666', 'este@campeones.com');
INSERT INTO Escuela (idEscuela, nombre, direccion, telefono, correo)
VALUES (7, 'Escuela Formando Campeones Oeste', 'Carrera 100 # 50-60', '6017777777', 'oeste@campeones.com');
INSERT INTO Escuela (idEscuela, nombre, direccion, telefono, correo)
VALUES (8, 'Escuela Formando Campeones Noroeste', 'Avenida 200 # 100-110', '6018888888', 'noroeste@campeones.com');
INSERT INTO Escuela (idEscuela, nombre, direccion, telefono, correo)
VALUES (9, 'Escuela Formando Campeones Sureste', 'Diagonal 120 # 80-90', '6019999999', 'sureste@campeones.com');
INSERT INTO Escuela (idEscuela, nombre, direccion, telefono, correo)
VALUES (10, 'Escuela Formando Campeones Suroeste', 'Calle 150 # 70-80', '6020000000', 'suroeste@campeones.com');

/* CATEGORIAS (5 registros) */
INSERT INTO Categoria (idCategoria, nombre, descripcion, nivel)
VALUES (1, 'SUB8', 'Categoria infantil menores de 8', 'BASICO');
INSERT INTO Categoria (idCategoria, nombre, descripcion, nivel)
VALUES (2, 'SUB10', 'Categoria infantil menores de 10', 'BASICO');
INSERT INTO Categoria (idCategoria, nombre, descripcion, nivel)
VALUES (3, 'SUB12', 'Categoria infantil menores de 12', 'INTERMEDIO');
INSERT INTO Categoria (idCategoria, nombre, descripcion, nivel)
VALUES (4, 'SUB14', 'Categoria juvenil menores de 14', 'INTERMEDIO');
INSERT INTO Categoria (idCategoria, nombre, descripcion, nivel)
VALUES (5, 'SUB16', 'Categoria juvenil menores de 16', 'AVANZADO');

INSERT INTO Categoria (idCategoria, nombre, descripcion, nivel)
VALUES (6, 'SUB18', 'Categoria juvenil menores de 18', 'AVANZADO');
INSERT INTO Categoria (idCategoria, nombre, descripcion, nivel)
VALUES (7, 'SUB20', 'Categoria senior menores de 20', 'AVANZADO');
INSERT INTO Categoria (idCategoria, nombre, descripcion, nivel)
VALUES (8, 'MAYORES', 'Categoria adultos mayores de 20', 'AVANZADO');
INSERT INTO Categoria (idCategoria, nombre, descripcion, nivel)
VALUES (9, 'DAMAS', 'Categoria femenina', 'INTERMEDIO');
INSERT INTO Categoria (idCategoria, nombre, descripcion, nivel)
VALUES (10, 'MIXTA', 'Categoria mixta', 'BASICO');

/* INSCRIPCIONES (50 registros) */
INSERT INTO Inscripcion (idInscripcion, fechaInscripcion, estadoInscripcion, idPersona, idEscuela)
VALUES (1, DATE '2024-02-01', 'ACTIVA', 1, 1);
INSERT INTO Inscripcion (idInscripcion, fechaInscripcion, estadoInscripcion, idPersona, idEscuela)
VALUES (2, DATE '2024-02-03', 'ACTIVA', 2, 2);
INSERT INTO Inscripcion (idInscripcion, fechaInscripcion, estadoInscripcion, idPersona, idEscuela)
VALUES (3, DATE '2024-02-04', 'ACTIVA', 3, 1);
INSERT INTO Inscripcion (idInscripcion, fechaInscripcion, estadoInscripcion, idPersona, idEscuela)
VALUES (4, DATE '2024-02-05', 'ACTIVA', 4, 2);
INSERT INTO Inscripcion (idInscripcion, fechaInscripcion, estadoInscripcion, idPersona, idEscuela)
VALUES (5, DATE '2024-02-06', 'ACTIVA', 5, 1);
INSERT INTO Inscripcion (idInscripcion, fechaInscripcion, estadoInscripcion, idPersona, idEscuela)
VALUES (6, DATE '2024-02-07', 'ACTIVA', 6, 3);
INSERT INTO Inscripcion (idInscripcion, fechaInscripcion, estadoInscripcion, idPersona, idEscuela)
VALUES (7, DATE '2024-02-08', 'ACTIVA', 7, 3);
INSERT INTO Inscripcion (idInscripcion, fechaInscripcion, estadoInscripcion, idPersona, idEscuela)
VALUES (8, DATE '2024-02-09', 'ACTIVA', 8, 4);
INSERT INTO Inscripcion (idInscripcion, fechaInscripcion, estadoInscripcion, idPersona, idEscuela)
VALUES (9, DATE '2024-02-10', 'ACTIVA', 9, 4);
INSERT INTO Inscripcion (idInscripcion, fechaInscripcion, estadoInscripcion, idPersona, idEscuela)
VALUES (10, DATE '2024-02-11', 'ACTIVA', 10, 5);
INSERT INTO Inscripcion (idInscripcion, fechaInscripcion, estadoInscripcion, idPersona, idEscuela)
VALUES (11, DATE '2024-02-12', 'ACTIVA', 11, 1);
INSERT INTO Inscripcion (idInscripcion, fechaInscripcion, estadoInscripcion, idPersona, idEscuela)
VALUES (12, DATE '2024-02-13', 'ACTIVA', 12, 2);
INSERT INTO Inscripcion (idInscripcion, fechaInscripcion, estadoInscripcion, idPersona, idEscuela)
VALUES (13, DATE '2024-02-14', 'ACTIVA', 13, 3);
INSERT INTO Inscripcion (idInscripcion, fechaInscripcion, estadoInscripcion, idPersona, idEscuela)
VALUES (14, DATE '2024-02-15', 'ACTIVA', 14, 4);
INSERT INTO Inscripcion (idInscripcion, fechaInscripcion, estadoInscripcion, idPersona, idEscuela)
VALUES (15, DATE '2024-02-16', 'ACTIVA', 15, 5);
INSERT INTO Inscripcion (idInscripcion, fechaInscripcion, estadoInscripcion, idPersona, idEscuela)
VALUES (16, DATE '2024-02-17', 'PENDIENTE', 16, 1);
INSERT INTO Inscripcion (idInscripcion, fechaInscripcion, estadoInscripcion, idPersona, idEscuela)
VALUES (17, DATE '2024-02-18', 'PENDIENTE', 17, 2);
INSERT INTO Inscripcion (idInscripcion, fechaInscripcion, estadoInscripcion, idPersona, idEscuela)
VALUES (18, DATE '2024-02-19', 'ACTIVA', 18, 3);
INSERT INTO Inscripcion (idInscripcion, fechaInscripcion, estadoInscripcion, idPersona, idEscuela)
VALUES (19, DATE '2024-02-20', 'ACTIVA', 19, 4);
INSERT INTO Inscripcion (idInscripcion, fechaInscripcion, estadoInscripcion, idPersona, idEscuela)
VALUES (20, DATE '2024-02-21', 'ACTIVA', 20, 5);
INSERT INTO Inscripcion (idInscripcion, fechaInscripcion, estadoInscripcion, idPersona, idEscuela)
VALUES (21, DATE '2024-02-22', 'ACTIVA', 21, 1);
INSERT INTO Inscripcion (idInscripcion, fechaInscripcion, estadoInscripcion, idPersona, idEscuela)
VALUES (22, DATE '2024-02-23', 'ACTIVA', 22, 2);
INSERT INTO Inscripcion (idInscripcion, fechaInscripcion, estadoInscripcion, idPersona, idEscuela)
VALUES (23, DATE '2024-02-24', 'ACTIVA', 23, 3);
INSERT INTO Inscripcion (idInscripcion, fechaInscripcion, estadoInscripcion, idPersona, idEscuela)
VALUES (24, DATE '2024-02-25', 'ACTIVA', 24, 4);
INSERT INTO Inscripcion (idInscripcion, fechaInscripcion, estadoInscripcion, idPersona, idEscuela)
VALUES (25, DATE '2024-02-26', 'ACTIVA', 25, 5);
INSERT INTO Inscripcion (idInscripcion, fechaInscripcion, estadoInscripcion, idPersona, idEscuela)
VALUES (26, DATE '2024-02-27', 'ACTIVA', 26, 1);
INSERT INTO Inscripcion (idInscripcion, fechaInscripcion, estadoInscripcion, idPersona, idEscuela)
VALUES (27, DATE '2024-02-28', 'ACTIVA', 27, 2);
INSERT INTO Inscripcion (idInscripcion, fechaInscripcion, estadoInscripcion, idPersona, idEscuela)
VALUES (28, DATE '2024-03-01', 'ACTIVA', 28, 3);
INSERT INTO Inscripcion (idInscripcion, fechaInscripcion, estadoInscripcion, idPersona, idEscuela)
VALUES (29, DATE '2024-03-02', 'ACTIVA', 29, 4);
INSERT INTO Inscripcion (idInscripcion, fechaInscripcion, estadoInscripcion, idPersona, idEscuela)
VALUES (30, DATE '2024-03-03', 'ACTIVA', 30, 5);
INSERT INTO Inscripcion (idInscripcion, fechaInscripcion, estadoInscripcion, idPersona, idEscuela)
VALUES (31, DATE '2024-03-04', 'ACTIVA', 31, 1);
INSERT INTO Inscripcion (idInscripcion, fechaInscripcion, estadoInscripcion, idPersona, idEscuela)
VALUES (32, DATE '2024-03-05', 'ACTIVA', 32, 2);
INSERT INTO Inscripcion (idInscripcion, fechaInscripcion, estadoInscripcion, idPersona, idEscuela)
VALUES (33, DATE '2024-03-06', 'ACTIVA', 33, 3);
INSERT INTO Inscripcion (idInscripcion, fechaInscripcion, estadoInscripcion, idPersona, idEscuela)
VALUES (34, DATE '2024-03-07', 'ACTIVA', 34, 4);
INSERT INTO Inscripcion (idInscripcion, fechaInscripcion, estadoInscripcion, idPersona, idEscuela)
VALUES (35, DATE '2024-03-08', 'ACTIVA', 35, 5);
INSERT INTO Inscripcion (idInscripcion, fechaInscripcion, estadoInscripcion, idPersona, idEscuela)
VALUES (36, DATE '2024-03-09', 'ACTIVA', 36, 1);
INSERT INTO Inscripcion (idInscripcion, fechaInscripcion, estadoInscripcion, idPersona, idEscuela)
VALUES (37, DATE '2024-03-10', 'ACTIVA', 37, 2);
INSERT INTO Inscripcion (idInscripcion, fechaInscripcion, estadoInscripcion, idPersona, idEscuela)
VALUES (38, DATE '2024-03-11', 'CANCELADA', 38, 3);
INSERT INTO Inscripcion (idInscripcion, fechaInscripcion, estadoInscripcion, idPersona, idEscuela)
VALUES (39, DATE '2024-03-12', 'ACTIVA', 39, 4);
INSERT INTO Inscripcion (idInscripcion, fechaInscripcion, estadoInscripcion, idPersona, idEscuela)
VALUES (40, DATE '2024-03-13', 'ACTIVA', 40, 5);
INSERT INTO Inscripcion (idInscripcion, fechaInscripcion, estadoInscripcion, idPersona, idEscuela)
VALUES (41, DATE '2024-03-14', 'ACTIVA', 41, 1);
INSERT INTO Inscripcion (idInscripcion, fechaInscripcion, estadoInscripcion, idPersona, idEscuela)
VALUES (42, DATE '2024-03-15', 'ACTIVA', 42, 2);
INSERT INTO Inscripcion (idInscripcion, fechaInscripcion, estadoInscripcion, idPersona, idEscuela)
VALUES (43, DATE '2024-03-16', 'ACTIVA', 43, 3);
INSERT INTO Inscripcion (idInscripcion, fechaInscripcion, estadoInscripcion, idPersona, idEscuela)
VALUES (44, DATE '2024-03-17', 'ACTIVA', 44, 4);
INSERT INTO Inscripcion (idInscripcion, fechaInscripcion, estadoInscripcion, idPersona, idEscuela)
VALUES (45, DATE '2024-03-18', 'ACTIVA', 45, 5);
INSERT INTO Inscripcion (idInscripcion, fechaInscripcion, estadoInscripcion, idPersona, idEscuela)
VALUES (46, DATE '2024-03-19', 'PENDIENTE', 46, 1);
INSERT INTO Inscripcion (idInscripcion, fechaInscripcion, estadoInscripcion, idPersona, idEscuela)
VALUES (47, DATE '2024-03-20', 'ACTIVA', 47, 2);
INSERT INTO Inscripcion (idInscripcion, fechaInscripcion, estadoInscripcion, idPersona, idEscuela)
VALUES (48, DATE '2024-03-21', 'ACTIVA', 48, 3);
INSERT INTO Inscripcion (idInscripcion, fechaInscripcion, estadoInscripcion, idPersona, idEscuela)
VALUES (49, DATE '2024-03-22', 'ACTIVA', 49, 4);
INSERT INTO Inscripcion (idInscripcion, fechaInscripcion, estadoInscripcion, idPersona, idEscuela)
VALUES (50, DATE '2024-03-23', 'ACTIVA', 50, 5);

INSERT INTO Inscripcion (idInscripcion, fechaInscripcion, estadoInscripcion, idPersona, idEscuela)
VALUES (51, DATE '2024-03-24', 'ACTIVA', 51, 6);
INSERT INTO Inscripcion (idInscripcion, fechaInscripcion, estadoInscripcion, idPersona, idEscuela)
VALUES (52, DATE '2024-03-25', 'PENDIENTE', 52, 7);
INSERT INTO Inscripcion (idInscripcion, fechaInscripcion, estadoInscripcion, idPersona, idEscuela)
VALUES (53, DATE '2024-03-26', 'ACTIVA', 53, 8);
INSERT INTO Inscripcion (idInscripcion, fechaInscripcion, estadoInscripcion, idPersona, idEscuela)
VALUES (54, DATE '2024-03-27', 'ACTIVA', 54, 9);
INSERT INTO Inscripcion (idInscripcion, fechaInscripcion, estadoInscripcion, idPersona, idEscuela)
VALUES (55, DATE '2024-03-28', 'ACTIVA', 55, 10);

/* EQUIPOS (10 registros) */
INSERT INTO Equipo (idEquipo, nombre, estadoEquipo, idEscuela, idCategoria)
VALUES (1, 'Halcones Norte SUB8', 'ACTIVO', 1, 1);
INSERT INTO Equipo (idEquipo, nombre, estadoEquipo, idEscuela, idCategoria)
VALUES (2, 'Tigres Sur SUB10', 'ACTIVO', 2, 2);
INSERT INTO Equipo (idEquipo, nombre, estadoEquipo, idEscuela, idCategoria)
VALUES (3, 'Aguilas Centro SUB12', 'ACTIVO', 3, 3);
INSERT INTO Equipo (idEquipo, nombre, estadoEquipo, idEscuela, idCategoria)
VALUES (4, 'Leones Oriente SUB14', 'ACTIVO', 4, 4);
INSERT INTO Equipo (idEquipo, nombre, estadoEquipo, idEscuela, idCategoria)
VALUES (5, 'Panteras Occidente SUB16', 'ACTIVO', 5, 5);
INSERT INTO Equipo (idEquipo, nombre, estadoEquipo, idEscuela, idCategoria)
VALUES (6, 'Falcones Norte SUB12', 'ACTIVO', 1, 3);
INSERT INTO Equipo (idEquipo, nombre, estadoEquipo, idEscuela, idCategoria)
VALUES (7, 'Pumas Sur SUB14', 'INACTIVO', 2, 4);
INSERT INTO Equipo (idEquipo, nombre, estadoEquipo, idEscuela, idCategoria)
VALUES (8, 'Jaguar Centro SUB16', 'ACTIVO', 3, 5);
INSERT INTO Equipo (idEquipo, nombre, estadoEquipo, idEscuela, idCategoria)
VALUES (9, 'Condores Oriente SUB8', 'ACTIVO', 4, 1);
INSERT INTO Equipo (idEquipo, nombre, estadoEquipo, idEscuela, idCategoria)
VALUES (10, 'Buitres Occidente SUB10', 'ACTIVO', 5, 2);

INSERT INTO Equipo (idEquipo, nombre, estadoEquipo, idEscuela, idCategoria)
VALUES (11, 'Aguilas Este SUB12', 'ACTIVO', 6, 3);
INSERT INTO Equipo (idEquipo, nombre, estadoEquipo, idEscuela, idCategoria)
VALUES (12, 'Guepardos Oeste SUB14', 'ACTIVO', 7, 4);
INSERT INTO Equipo (idEquipo, nombre, estadoEquipo, idEscuela, idCategoria)
VALUES (13, 'Lobos Noroeste SUB16', 'ACTIVO', 8, 5);
INSERT INTO Equipo (idEquipo, nombre, estadoEquipo, idEscuela, idCategoria)
VALUES (14, 'Osos Sureste SUB8', 'INACTIVO', 9, 1);
INSERT INTO Equipo (idEquipo, nombre, estadoEquipo, idEscuela, idCategoria)
VALUES (15, 'Venados Suroeste SUB10', 'ACTIVO', 10, 2);

/* SUBTIPOS - JUGADORES */
INSERT INTO Jugador (idPersona, posicion, numeroCamiseta)
VALUES (1, 'DELANTERO', 9);
INSERT INTO Jugador (idPersona, posicion, numeroCamiseta)
VALUES (2, 'DEFENSA', 4);
INSERT INTO Jugador (idPersona, posicion, numeroCamiseta)
VALUES (6, 'DELANTERO', 10);
INSERT INTO Jugador (idPersona, posicion, numeroCamiseta)
VALUES (7, 'CENTROCAMPISTA', 5);
INSERT INTO Jugador (idPersona, posicion, numeroCamiseta)
VALUES (8, 'DEFENSA', 3);
INSERT INTO Jugador (idPersona, posicion, numeroCamiseta)
VALUES (9, 'PORTERO', 19);
INSERT INTO Jugador (idPersona, posicion, numeroCamiseta)
VALUES (11, 'DELANTERO', 11);
INSERT INTO Jugador (idPersona, posicion, numeroCamiseta)
VALUES (12, 'CENTROCAMPISTA', 6);
INSERT INTO Jugador (idPersona, posicion, numeroCamiseta)
VALUES (13, 'DEFENSA', 2);
INSERT INTO Jugador (idPersona, posicion, numeroCamiseta)
VALUES (14, 'DELANTERO', 7);
INSERT INTO Jugador (idPersona, posicion, numeroCamiseta)
VALUES (21, 'DEFENSA', 8);
INSERT INTO Jugador (idPersona, posicion, numeroCamiseta)
VALUES (22, 'PORTERO', 12);
INSERT INTO Jugador (idPersona, posicion, numeroCamiseta)
VALUES (23, 'DELANTERO', 9);
INSERT INTO Jugador (idPersona, posicion, numeroCamiseta)
VALUES (24, 'CENTROCAMPISTA', 5);
INSERT INTO Jugador (idPersona, posicion, numeroCamiseta)
VALUES (25, 'DEFENSA', 3);
INSERT INTO Jugador (idPersona, posicion, numeroCamiseta)
VALUES (31, 'DELANTERO', 10);
INSERT INTO Jugador (idPersona, posicion, numeroCamiseta)
VALUES (32, 'DEFENSA', 20);
INSERT INTO Jugador (idPersona, posicion, numeroCamiseta)
VALUES (33, 'CENTROCAMPISTA', 13);
INSERT INTO Jugador (idPersona, posicion, numeroCamiseta)
VALUES (34, 'PORTERO', 14);
INSERT INTO Jugador (idPersona, posicion, numeroCamiseta)
VALUES (35, 'DELANTERO', 11);
INSERT INTO Jugador (idPersona, posicion, numeroCamiseta)
VALUES (41, 'DEFENSA', 15);
INSERT INTO Jugador (idPersona, posicion, numeroCamiseta)
VALUES (42, 'CENTROCAMPISTA', 16);
INSERT INTO Jugador (idPersona, posicion, numeroCamiseta)
VALUES (43, 'DELANTERO', 17);
INSERT INTO Jugador (idPersona, posicion, numeroCamiseta)
VALUES (44, 'PORTERO', 18);
INSERT INTO Jugador (idPersona, posicion, numeroCamiseta)
VALUES (45, 'DEFENSA', 5);

INSERT INTO Jugador (idPersona, posicion, numeroCamiseta)
VALUES (51, 'DELANTERO', 20);
INSERT INTO Jugador (idPersona, posicion, numeroCamiseta)
VALUES (52, 'CENTROCAMPISTA', 21);
INSERT INTO Jugador (idPersona, posicion, numeroCamiseta)
VALUES (53, 'DEFENSA', 22);
INSERT INTO Jugador (idPersona, posicion, numeroCamiseta)
VALUES (54, 'PORTERO', 23);
INSERT INTO Jugador (idPersona, posicion, numeroCamiseta)
VALUES (55, 'DELANTERO', 24);

/* SUBTIPOS - ACUDIENTES (10 registros) */
INSERT INTO Acudiente (idPersona, parentesco)
VALUES (3, 'MADRE');
INSERT INTO Acudiente (idPersona, parentesco)
VALUES (15, 'PADRE');
INSERT INTO Acudiente (idPersona, parentesco)
VALUES (16, 'MADRE');
INSERT INTO Acudiente (idPersona, parentesco)
VALUES (17, 'PADRE');
INSERT INTO Acudiente (idPersona, parentesco)
VALUES (18, 'MADRE');
INSERT INTO Acudiente (idPersona, parentesco)
VALUES (19, 'PADRE');
INSERT INTO Acudiente (idPersona, parentesco)
VALUES (26, 'MADRE');
INSERT INTO Acudiente (idPersona, parentesco)
VALUES (27, 'PADRE');
INSERT INTO Acudiente (idPersona, parentesco)
VALUES (28, 'MADRE');
INSERT INTO Acudiente (idPersona, parentesco)
VALUES (29, 'PADRE');

INSERT INTO Acudiente (idPersona, parentesco)
VALUES (51, 'MADRE');
INSERT INTO Acudiente (idPersona, parentesco)
VALUES (52, 'PADRE');
INSERT INTO Acudiente (idPersona, parentesco)
VALUES (53, 'MADRE');
INSERT INTO Acudiente (idPersona, parentesco)
VALUES (54, 'PADRE');
INSERT INTO Acudiente (idPersona, parentesco)
VALUES (55, 'MADRE');

/* SUBTIPOS - ADMINISTRADORES (5 registros) */
INSERT INTO Administrador (idPersona, fechaRegistro)
VALUES (4, DATE '2024-01-10');
INSERT INTO Administrador (idPersona, fechaRegistro)
VALUES (20, DATE '2024-01-15');
INSERT INTO Administrador (idPersona, fechaRegistro)
VALUES (30, DATE '2024-01-20');
INSERT INTO Administrador (idPersona, fechaRegistro)
VALUES (36, DATE '2024-01-25');
INSERT INTO Administrador (idPersona, fechaRegistro)
VALUES (46, DATE '2024-02-01');

INSERT INTO Administrador (idPersona, fechaRegistro)
VALUES (51, DATE '2024-02-05');
INSERT INTO Administrador (idPersona, fechaRegistro)
VALUES (52, DATE '2024-02-10');
INSERT INTO Administrador (idPersona, fechaRegistro)
VALUES (53, DATE '2024-02-15');
INSERT INTO Administrador (idPersona, fechaRegistro)
VALUES (54, DATE '2024-02-20');
INSERT INTO Administrador (idPersona, fechaRegistro)
VALUES (55, DATE '2024-02-25');

/* SUBTIPOS - ENTRENADORES (5 registros) */
INSERT INTO Entrenador (idPersona, experiencia, especialidad)
VALUES (5, '8 anos dirigiendo procesos formativos', 'TACTICA');
INSERT INTO Entrenador (idPersona, experiencia, especialidad)
VALUES (10, '5 anos en formacion deportiva', 'TECNICA');
INSERT INTO Entrenador (idPersona, experiencia, especialidad)
VALUES (37, '10 anos de experiencia', 'TACTICA');
INSERT INTO Entrenador (idPersona, experiencia, especialidad)
VALUES (38, '7 anos en el futbol formativo', 'FISICA');
INSERT INTO Entrenador (idPersona, experiencia, especialidad)
VALUES (39, '6 anos dirigiendo equipos', 'TECNICA');

/* PAGOS (50 registros) */
INSERT INTO Pago (idPago, fechaPago, monto, estadoPago, metodoPago, idInscripcion)
VALUES (1, DATE '2024-02-05', 120000.00, 'PAGADO', 'EFECTIVO', 1);
INSERT INTO Pago (idPago, fechaPago, monto, estadoPago, metodoPago, idInscripcion)
VALUES (2, DATE '2024-02-06', 120000.00, 'PENDIENTE', 'TRANSFERENCIA', 2);
INSERT INTO Pago (idPago, fechaPago, monto, estadoPago, metodoPago, idInscripcion)
VALUES (3, DATE '2024-02-07', 120000.00, 'PAGADO', 'TARJETA', 3);
INSERT INTO Pago (idPago, fechaPago, monto, estadoPago, metodoPago, idInscripcion)
VALUES (4, DATE '2024-02-08', 120000.00, 'PAGADO', 'EFECTIVO', 4);
INSERT INTO Pago (idPago, fechaPago, monto, estadoPago, metodoPago, idInscripcion)
VALUES (5, DATE '2024-02-09', 120000.00, 'PENDIENTE', 'TRANSFERENCIA', 5);
INSERT INTO Pago (idPago, fechaPago, monto, estadoPago, metodoPago, idInscripcion)
VALUES (6, DATE '2024-02-10', 120000.00, 'PAGADO', 'TARJETA', 6);
INSERT INTO Pago (idPago, fechaPago, monto, estadoPago, metodoPago, idInscripcion)
VALUES (7, DATE '2024-02-11', 120000.00, 'PAGADO', 'EFECTIVO', 7);
INSERT INTO Pago (idPago, fechaPago, monto, estadoPago, metodoPago, idInscripcion)
VALUES (8, DATE '2024-02-12', 120000.00, 'PAGADO', 'TRANSFERENCIA', 8);
INSERT INTO Pago (idPago, fechaPago, monto, estadoPago, metodoPago, idInscripcion)
VALUES (9, DATE '2024-02-13', 120000.00, 'PAGADO', 'TARJETA', 9);
INSERT INTO Pago (idPago, fechaPago, monto, estadoPago, metodoPago, idInscripcion)
VALUES (10, DATE '2024-02-14', 120000.00, 'PAGADO', 'EFECTIVO', 10);
INSERT INTO Pago (idPago, fechaPago, monto, estadoPago, metodoPago, idInscripcion)
VALUES (11, DATE '2024-02-15', 120000.00, 'PAGADO', 'TRANSFERENCIA', 11);
INSERT INTO Pago (idPago, fechaPago, monto, estadoPago, metodoPago, idInscripcion)
VALUES (12, DATE '2024-02-16', 120000.00, 'PAGADO', 'TARJETA', 12);
INSERT INTO Pago (idPago, fechaPago, monto, estadoPago, metodoPago, idInscripcion)
VALUES (13, DATE '2024-02-17', 120000.00, 'PAGADO', 'EFECTIVO', 13);
INSERT INTO Pago (idPago, fechaPago, monto, estadoPago, metodoPago, idInscripcion)
VALUES (14, DATE '2024-02-18', 120000.00, 'PENDIENTE', 'TRANSFERENCIA', 14);
INSERT INTO Pago (idPago, fechaPago, monto, estadoPago, metodoPago, idInscripcion)
VALUES (15, DATE '2024-02-19', 120000.00, 'ANULADO', 'TARJETA', 15);
INSERT INTO Pago (idPago, fechaPago, monto, estadoPago, metodoPago, idInscripcion)
VALUES (16, DATE '2024-02-20', 120000.00, 'PAGADO', 'EFECTIVO', 16);
INSERT INTO Pago (idPago, fechaPago, monto, estadoPago, metodoPago, idInscripcion)
VALUES (17, DATE '2024-02-21', 120000.00, 'PAGADO', 'TRANSFERENCIA', 17);
INSERT INTO Pago (idPago, fechaPago, monto, estadoPago, metodoPago, idInscripcion)
VALUES (18, DATE '2024-02-22', 120000.00, 'PAGADO', 'TARJETA', 18);
INSERT INTO Pago (idPago, fechaPago, monto, estadoPago, metodoPago, idInscripcion)
VALUES (19, DATE '2024-02-23', 120000.00, 'PAGADO', 'EFECTIVO', 19);
INSERT INTO Pago (idPago, fechaPago, monto, estadoPago, metodoPago, idInscripcion)
VALUES (20, DATE '2024-02-24', 120000.00, 'PAGADO', 'TRANSFERENCIA', 20);
INSERT INTO Pago (idPago, fechaPago, monto, estadoPago, metodoPago, idInscripcion)
VALUES (21, DATE '2024-02-25', 120000.00, 'PAGADO', 'TARJETA', 21);
INSERT INTO Pago (idPago, fechaPago, monto, estadoPago, metodoPago, idInscripcion)
VALUES (22, DATE '2024-02-26', 120000.00, 'PAGADO', 'EFECTIVO', 22);
INSERT INTO Pago (idPago, fechaPago, monto, estadoPago, metodoPago, idInscripcion)
VALUES (23, DATE '2024-02-27', 120000.00, 'PENDIENTE', 'TRANSFERENCIA', 23);
INSERT INTO Pago (idPago, fechaPago, monto, estadoPago, metodoPago, idInscripcion)
VALUES (24, DATE '2024-02-28', 120000.00, 'PAGADO', 'TARJETA', 24);
INSERT INTO Pago (idPago, fechaPago, monto, estadoPago, metodoPago, idInscripcion)
VALUES (25, DATE '2024-03-01', 120000.00, 'PAGADO', 'EFECTIVO', 25);
INSERT INTO Pago (idPago, fechaPago, monto, estadoPago, metodoPago, idInscripcion)
VALUES (26, DATE '2024-03-02', 120000.00, 'PAGADO', 'TRANSFERENCIA', 26);
INSERT INTO Pago (idPago, fechaPago, monto, estadoPago, metodoPago, idInscripcion)
VALUES (27, DATE '2024-03-03', 120000.00, 'PAGADO', 'TARJETA', 27);
INSERT INTO Pago (idPago, fechaPago, monto, estadoPago, metodoPago, idInscripcion)
VALUES (28, DATE '2024-03-04', 120000.00, 'PAGADO', 'EFECTIVO', 28);
INSERT INTO Pago (idPago, fechaPago, monto, estadoPago, metodoPago, idInscripcion)
VALUES (29, DATE '2024-03-05', 120000.00, 'PAGADO', 'TRANSFERENCIA', 29);
INSERT INTO Pago (idPago, fechaPago, monto, estadoPago, metodoPago, idInscripcion)
VALUES (30, DATE '2024-03-06', 120000.00, 'PAGADO', 'TARJETA', 30);
INSERT INTO Pago (idPago, fechaPago, monto, estadoPago, metodoPago, idInscripcion)
VALUES (31, DATE '2024-03-07', 120000.00, 'PAGADO', 'EFECTIVO', 31);
INSERT INTO Pago (idPago, fechaPago, monto, estadoPago, metodoPago, idInscripcion)
VALUES (32, DATE '2024-03-08', 120000.00, 'PAGADO', 'TRANSFERENCIA', 32);
INSERT INTO Pago (idPago, fechaPago, monto, estadoPago, metodoPago, idInscripcion)
VALUES (33, DATE '2024-03-09', 120000.00, 'PAGADO', 'TARJETA', 33);
INSERT INTO Pago (idPago, fechaPago, monto, estadoPago, metodoPago, idInscripcion)
VALUES (34, DATE '2024-03-10', 120000.00, 'PENDIENTE', 'EFECTIVO', 34);
INSERT INTO Pago (idPago, fechaPago, monto, estadoPago, metodoPago, idInscripcion)
VALUES (35, DATE '2024-03-11', 120000.00, 'PAGADO', 'TRANSFERENCIA', 35);
INSERT INTO Pago (idPago, fechaPago, monto, estadoPago, metodoPago, idInscripcion)
VALUES (36, DATE '2024-03-12', 120000.00, 'PAGADO', 'TARJETA', 36);
INSERT INTO Pago (idPago, fechaPago, monto, estadoPago, metodoPago, idInscripcion)
VALUES (37, DATE '2024-03-13', 120000.00, 'PAGADO', 'EFECTIVO', 37);
INSERT INTO Pago (idPago, fechaPago, monto, estadoPago, metodoPago, idInscripcion)
VALUES (38, DATE '2024-03-14', 120000.00, 'ANULADO', 'TRANSFERENCIA', 38);
INSERT INTO Pago (idPago, fechaPago, monto, estadoPago, metodoPago, idInscripcion)
VALUES (39, DATE '2024-03-15', 120000.00, 'PAGADO', 'TARJETA', 39);
INSERT INTO Pago (idPago, fechaPago, monto, estadoPago, metodoPago, idInscripcion)
VALUES (40, DATE '2024-03-16', 120000.00, 'PAGADO', 'EFECTIVO', 40);
INSERT INTO Pago (idPago, fechaPago, monto, estadoPago, metodoPago, idInscripcion)
VALUES (41, DATE '2024-03-17', 120000.00, 'PAGADO', 'TRANSFERENCIA', 41);
INSERT INTO Pago (idPago, fechaPago, monto, estadoPago, metodoPago, idInscripcion)
VALUES (42, DATE '2024-03-18', 120000.00, 'PAGADO', 'TARJETA', 42);
INSERT INTO Pago (idPago, fechaPago, monto, estadoPago, metodoPago, idInscripcion)
VALUES (43, DATE '2024-03-19', 120000.00, 'PENDIENTE', 'EFECTIVO', 43);
INSERT INTO Pago (idPago, fechaPago, monto, estadoPago, metodoPago, idInscripcion)
VALUES (44, DATE '2024-03-20', 120000.00, 'PAGADO', 'TRANSFERENCIA', 44);
INSERT INTO Pago (idPago, fechaPago, monto, estadoPago, metodoPago, idInscripcion)
VALUES (45, DATE '2024-03-21', 120000.00, 'PAGADO', 'TARJETA', 45);
INSERT INTO Pago (idPago, fechaPago, monto, estadoPago, metodoPago, idInscripcion)
VALUES (46, DATE '2024-03-22', 120000.00, 'PAGADO', 'EFECTIVO', 46);
INSERT INTO Pago (idPago, fechaPago, monto, estadoPago, metodoPago, idInscripcion)
VALUES (47, DATE '2024-03-23', 120000.00, 'PAGADO', 'TRANSFERENCIA', 47);
INSERT INTO Pago (idPago, fechaPago, monto, estadoPago, metodoPago, idInscripcion)
VALUES (48, DATE '2024-03-24', 120000.00, 'PAGADO', 'TARJETA', 48);
INSERT INTO Pago (idPago, fechaPago, monto, estadoPago, metodoPago, idInscripcion)
VALUES (49, DATE '2024-03-25', 120000.00, 'PAGADO', 'EFECTIVO', 49);
INSERT INTO Pago (idPago, fechaPago, monto, estadoPago, metodoPago, idInscripcion)
VALUES (50, DATE '2024-03-26', 120000.00, 'PAGADO', 'TRANSFERENCIA', 50);

INSERT INTO Pago (idPago, fechaPago, monto, estadoPago, metodoPago, idInscripcion)
VALUES (51, DATE '2024-03-27', 120000.00, 'PAGADO', 'TARJETA', 51);
INSERT INTO Pago (idPago, fechaPago, monto, estadoPago, metodoPago, idInscripcion)
VALUES (52, DATE '2024-03-28', 120000.00, 'PENDIENTE', 'EFECTIVO', 52);
INSERT INTO Pago (idPago, fechaPago, monto, estadoPago, metodoPago, idInscripcion)
VALUES (53, DATE '2024-03-29', 120000.00, 'PAGADO', 'TRANSFERENCIA', 53);
INSERT INTO Pago (idPago, fechaPago, monto, estadoPago, metodoPago, idInscripcion)
VALUES (54, DATE '2024-03-30', 120000.00, 'PAGADO', 'TARJETA', 54);
INSERT INTO Pago (idPago, fechaPago, monto, estadoPago, metodoPago, idInscripcion)
VALUES (55, DATE '2024-03-31', 120000.00, 'PAGADO', 'EFECTIVO', 55);

/* ENTRENAMIENTOS  */
INSERT INTO Entrenamiento (idEntrenamiento, fecha, hora, lugar, estado, idEquipo)
VALUES (1, DATE '2024-03-01', TO_TIMESTAMP('2024-03-01 08:00:00', 'YYYY-MM-DD HH24:MI:SS'), 'Cancha Norte', 'PROGRAMADO', 1);
INSERT INTO Entrenamiento (idEntrenamiento, fecha, hora, lugar, estado, idEquipo)
VALUES (2, DATE '2024-03-02', TO_TIMESTAMP('2024-03-02 09:30:00', 'YYYY-MM-DD HH24:MI:SS'), 'Cancha Sur', 'PROGRAMADO', 2);
INSERT INTO Entrenamiento (idEntrenamiento, fecha, hora, lugar, estado, idEquipo)
VALUES (3, DATE '2024-03-03', TO_TIMESTAMP('2024-03-03 10:00:00', 'YYYY-MM-DD HH24:MI:SS'), 'Cancha Centro', 'REALIZADO', 3);
INSERT INTO Entrenamiento (idEntrenamiento, fecha, hora, lugar, estado, idEquipo)
VALUES (4, DATE '2024-03-04', TO_TIMESTAMP('2024-03-04 11:30:00', 'YYYY-MM-DD HH24:MI:SS'), 'Cancha Oriente', 'PROGRAMADO', 4);
INSERT INTO Entrenamiento (idEntrenamiento, fecha, hora, lugar, estado, idEquipo)
VALUES (5, DATE '2024-03-05', TO_TIMESTAMP('2024-03-05 14:00:00', 'YYYY-MM-DD HH24:MI:SS'), 'Cancha Occidente', 'PROGRAMADO', 5);
INSERT INTO Entrenamiento (idEntrenamiento, fecha, hora, lugar, estado, idEquipo)
VALUES (6, DATE '2024-03-06', TO_TIMESTAMP('2024-03-06 08:00:00', 'YYYY-MM-DD HH24:MI:SS'), 'Cancha Norte', 'PROGRAMADO', 1);
INSERT INTO Entrenamiento (idEntrenamiento, fecha, hora, lugar, estado, idEquipo)
VALUES (7, DATE '2024-03-07', TO_TIMESTAMP('2024-03-07 09:30:00', 'YYYY-MM-DD HH24:MI:SS'), 'Cancha Sur', 'REALIZADO', 2);
INSERT INTO Entrenamiento (idEntrenamiento, fecha, hora, lugar, estado, idEquipo)
VALUES (8, DATE '2024-03-08', TO_TIMESTAMP('2024-03-08 10:00:00', 'YYYY-MM-DD HH24:MI:SS'), 'Cancha Centro', 'PROGRAMADO', 3);
INSERT INTO Entrenamiento (idEntrenamiento, fecha, hora, lugar, estado, idEquipo)
VALUES (9, DATE '2024-03-09', TO_TIMESTAMP('2024-03-09 11:30:00', 'YYYY-MM-DD HH24:MI:SS'), 'Cancha Oriente', 'PROGRAMADO', 4);
INSERT INTO Entrenamiento (idEntrenamiento, fecha, hora, lugar, estado, idEquipo)
VALUES (10, DATE '2024-03-10', TO_TIMESTAMP('2024-03-10 14:00:00', 'YYYY-MM-DD HH24:MI:SS'), 'Cancha Occidente', 'PROGRAMADO', 5);
INSERT INTO Entrenamiento (idEntrenamiento, fecha, hora, lugar, estado, idEquipo)
VALUES (11, DATE '2024-03-11', TO_TIMESTAMP('2024-03-11 08:00:00', 'YYYY-MM-DD HH24:MI:SS'), 'Cancha Norte', 'REALIZADO', 6);
INSERT INTO Entrenamiento (idEntrenamiento, fecha, hora, lugar, estado, idEquipo)
VALUES (12, DATE '2024-03-12', TO_TIMESTAMP('2024-03-12 09:30:00', 'YYYY-MM-DD HH24:MI:SS'), 'Cancha Sur', 'PROGRAMADO', 7);
INSERT INTO Entrenamiento (idEntrenamiento, fecha, hora, lugar, estado, idEquipo)
VALUES (13, DATE '2024-03-13', TO_TIMESTAMP('2024-03-13 10:00:00', 'YYYY-MM-DD HH24:MI:SS'), 'Cancha Centro', 'PROGRAMADO', 8);
INSERT INTO Entrenamiento (idEntrenamiento, fecha, hora, lugar, estado, idEquipo)
VALUES (14, DATE '2024-03-14', TO_TIMESTAMP('2024-03-14 11:30:00', 'YYYY-MM-DD HH24:MI:SS'), 'Cancha Oriente', 'REALIZADO', 9);
INSERT INTO Entrenamiento (idEntrenamiento, fecha, hora, lugar, estado, idEquipo)
VALUES (15, DATE '2024-03-15', TO_TIMESTAMP('2024-03-15 14:00:00', 'YYYY-MM-DD HH24:MI:SS'), 'Cancha Occidente', 'PROGRAMADO', 10);
INSERT INTO Entrenamiento (idEntrenamiento, fecha, hora, lugar, estado, idEquipo)
VALUES (16, DATE '2024-03-16', TO_TIMESTAMP('2024-03-16 08:00:00', 'YYYY-MM-DD HH24:MI:SS'), 'Cancha Norte', 'PROGRAMADO', 1);
INSERT INTO Entrenamiento (idEntrenamiento, fecha, hora, lugar, estado, idEquipo)
VALUES (17, DATE '2024-03-17', TO_TIMESTAMP('2024-03-17 09:30:00', 'YYYY-MM-DD HH24:MI:SS'), 'Cancha Sur', 'PROGRAMADO', 2);
INSERT INTO Entrenamiento (idEntrenamiento, fecha, hora, lugar, estado, idEquipo)
VALUES (18, DATE '2024-03-18', TO_TIMESTAMP('2024-03-18 10:00:00', 'YYYY-MM-DD HH24:MI:SS'), 'Cancha Centro', 'REALIZADO', 3);
INSERT INTO Entrenamiento (idEntrenamiento, fecha, hora, lugar, estado, idEquipo)
VALUES (19, DATE '2024-03-19', TO_TIMESTAMP('2024-03-19 11:30:00', 'YYYY-MM-DD HH24:MI:SS'), 'Cancha Oriente', 'CANCELADO', 4);
INSERT INTO Entrenamiento (idEntrenamiento, fecha, hora, lugar, estado, idEquipo)
VALUES (20, DATE '2024-03-20', TO_TIMESTAMP('2024-03-20 14:00:00', 'YYYY-MM-DD HH24:MI:SS'), 'Cancha Occidente', 'PROGRAMADO', 5);
INSERT INTO Entrenamiento (idEntrenamiento, fecha, hora, lugar, estado, idEquipo)
VALUES (21, DATE '2024-03-21', TO_TIMESTAMP('2024-03-21 08:00:00', 'YYYY-MM-DD HH24:MI:SS'), 'Cancha Norte', 'PROGRAMADO', 6);
INSERT INTO Entrenamiento (idEntrenamiento, fecha, hora, lugar, estado, idEquipo)
VALUES (22, DATE '2024-03-22', TO_TIMESTAMP('2024-03-22 09:30:00', 'YYYY-MM-DD HH24:MI:SS'), 'Cancha Sur', 'REALIZADO', 7);
INSERT INTO Entrenamiento (idEntrenamiento, fecha, hora, lugar, estado, idEquipo)
VALUES (23, DATE '2024-03-23', TO_TIMESTAMP('2024-03-23 10:00:00', 'YYYY-MM-DD HH24:MI:SS'), 'Cancha Centro', 'PROGRAMADO', 8);
INSERT INTO Entrenamiento (idEntrenamiento, fecha, hora, lugar, estado, idEquipo)
VALUES (24, DATE '2024-03-24', TO_TIMESTAMP('2024-03-24 11:30:00', 'YYYY-MM-DD HH24:MI:SS'), 'Cancha Oriente', 'PROGRAMADO', 9);
INSERT INTO Entrenamiento (idEntrenamiento, fecha, hora, lugar, estado, idEquipo)
VALUES (25, DATE '2024-03-25', TO_TIMESTAMP('2024-03-25 14:00:00', 'YYYY-MM-DD HH24:MI:SS'), 'Cancha Occidente', 'PROGRAMADO', 10);
INSERT INTO Entrenamiento (idEntrenamiento, fecha, hora, lugar, estado, idEquipo)
VALUES (26, DATE '2024-03-26', TO_TIMESTAMP('2024-03-26 08:00:00', 'YYYY-MM-DD HH24:MI:SS'), 'Cancha Norte', 'REALIZADO', 1);
INSERT INTO Entrenamiento (idEntrenamiento, fecha, hora, lugar, estado, idEquipo)
VALUES (27, DATE '2024-03-27', TO_TIMESTAMP('2024-03-27 09:30:00', 'YYYY-MM-DD HH24:MI:SS'), 'Cancha Sur', 'PROGRAMADO', 2);
INSERT INTO Entrenamiento (idEntrenamiento, fecha, hora, lugar, estado, idEquipo)
VALUES (28, DATE '2024-03-28', TO_TIMESTAMP('2024-03-28 10:00:00', 'YYYY-MM-DD HH24:MI:SS'), 'Cancha Centro', 'PROGRAMADO', 3);
INSERT INTO Entrenamiento (idEntrenamiento, fecha, hora, lugar, estado, idEquipo)
VALUES (29, DATE '2024-03-29', TO_TIMESTAMP('2024-03-29 11:30:00', 'YYYY-MM-DD HH24:MI:SS'), 'Cancha Oriente', 'PROGRAMADO', 4);
INSERT INTO Entrenamiento (idEntrenamiento, fecha, hora, lugar, estado, idEquipo)
VALUES (30, DATE '2024-03-30', TO_TIMESTAMP('2024-03-30 14:00:00', 'YYYY-MM-DD HH24:MI:SS'), 'Cancha Occidente', 'REALIZADO', 5);
INSERT INTO Entrenamiento (idEntrenamiento, fecha, hora, lugar, estado, idEquipo)
VALUES (31, DATE '2024-04-01', TO_TIMESTAMP('2024-04-01 08:00:00', 'YYYY-MM-DD HH24:MI:SS'), 'Cancha Norte', 'PROGRAMADO', 6);
INSERT INTO Entrenamiento (idEntrenamiento, fecha, hora, lugar, estado, idEquipo)
VALUES (32, DATE '2024-04-02', TO_TIMESTAMP('2024-04-02 09:30:00', 'YYYY-MM-DD HH24:MI:SS'), 'Cancha Sur', 'PROGRAMADO', 7);
INSERT INTO Entrenamiento (idEntrenamiento, fecha, hora, lugar, estado, idEquipo)
VALUES (33, DATE '2024-04-03', TO_TIMESTAMP('2024-04-03 10:00:00', 'YYYY-MM-DD HH24:MI:SS'), 'Cancha Centro', 'REALIZADO', 8);
INSERT INTO Entrenamiento (idEntrenamiento, fecha, hora, lugar, estado, idEquipo)
VALUES (34, DATE '2024-04-04', TO_TIMESTAMP('2024-04-04 11:30:00', 'YYYY-MM-DD HH24:MI:SS'), 'Cancha Oriente', 'PROGRAMADO', 9);
INSERT INTO Entrenamiento (idEntrenamiento, fecha, hora, lugar, estado, idEquipo)
VALUES (35, DATE '2024-04-05', TO_TIMESTAMP('2024-04-05 14:00:00', 'YYYY-MM-DD HH24:MI:SS'), 'Cancha Occidente', 'PROGRAMADO', 10);
INSERT INTO Entrenamiento (idEntrenamiento, fecha, hora, lugar, estado, idEquipo)
VALUES (36, DATE '2024-04-06', TO_TIMESTAMP('2024-04-06 08:00:00', 'YYYY-MM-DD HH24:MI:SS'), 'Cancha Norte', 'PROGRAMADO', 1);
INSERT INTO Entrenamiento (idEntrenamiento, fecha, hora, lugar, estado, idEquipo)
VALUES (37, DATE '2024-04-07', TO_TIMESTAMP('2024-04-07 09:30:00', 'YYYY-MM-DD HH24:MI:SS'), 'Cancha Sur', 'REALIZADO', 2);
INSERT INTO Entrenamiento (idEntrenamiento, fecha, hora, lugar, estado, idEquipo)
VALUES (38, DATE '2024-04-08', TO_TIMESTAMP('2024-04-08 10:00:00', 'YYYY-MM-DD HH24:MI:SS'), 'Cancha Centro', 'PROGRAMADO', 3);
INSERT INTO Entrenamiento (idEntrenamiento, fecha, hora, lugar, estado, idEquipo)
VALUES (39, DATE '2024-04-09', TO_TIMESTAMP('2024-04-09 11:30:00', 'YYYY-MM-DD HH24:MI:SS'), 'Cancha Oriente', 'PROGRAMADO', 4);
INSERT INTO Entrenamiento (idEntrenamiento, fecha, hora, lugar, estado, idEquipo)
VALUES (40, DATE '2024-04-10', TO_TIMESTAMP('2024-04-10 14:00:00', 'YYYY-MM-DD HH24:MI:SS'), 'Cancha Occidente', 'REALIZADO', 5);
INSERT INTO Entrenamiento (idEntrenamiento, fecha, hora, lugar, estado, idEquipo)
VALUES (41, DATE '2024-04-11', TO_TIMESTAMP('2024-04-11 08:00:00', 'YYYY-MM-DD HH24:MI:SS'), 'Cancha Norte', 'PROGRAMADO', 6);
INSERT INTO Entrenamiento (idEntrenamiento, fecha, hora, lugar, estado, idEquipo)
VALUES (42, DATE '2024-04-12', TO_TIMESTAMP('2024-04-12 09:30:00', 'YYYY-MM-DD HH24:MI:SS'), 'Cancha Sur', 'PROGRAMADO', 7);
INSERT INTO Entrenamiento (idEntrenamiento, fecha, hora, lugar, estado, idEquipo)
VALUES (43, DATE '2024-04-13', TO_TIMESTAMP('2024-04-13 10:00:00', 'YYYY-MM-DD HH24:MI:SS'), 'Cancha Centro', 'REALIZADO', 8);
INSERT INTO Entrenamiento (idEntrenamiento, fecha, hora, lugar, estado, idEquipo)
VALUES (44, DATE '2024-04-14', TO_TIMESTAMP('2024-04-14 11:30:00', 'YYYY-MM-DD HH24:MI:SS'), 'Cancha Oriente', 'CANCELADO', 9);
INSERT INTO Entrenamiento (idEntrenamiento, fecha, hora, lugar, estado, idEquipo)
VALUES (45, DATE '2024-04-15', TO_TIMESTAMP('2024-04-15 14:00:00', 'YYYY-MM-DD HH24:MI:SS'), 'Cancha Occidente', 'PROGRAMADO', 10);
INSERT INTO Entrenamiento (idEntrenamiento, fecha, hora, lugar, estado, idEquipo)
VALUES (46, DATE '2024-04-16', TO_TIMESTAMP('2024-04-16 08:00:00', 'YYYY-MM-DD HH24:MI:SS'), 'Cancha Norte', 'PROGRAMADO', 1);
INSERT INTO Entrenamiento (idEntrenamiento, fecha, hora, lugar, estado, idEquipo)
VALUES (47, DATE '2024-04-17', TO_TIMESTAMP('2024-04-17 09:30:00', 'YYYY-MM-DD HH24:MI:SS'), 'Cancha Sur', 'REALIZADO', 2);
INSERT INTO Entrenamiento (idEntrenamiento, fecha, hora, lugar, estado, idEquipo)
VALUES (48, DATE '2024-04-18', TO_TIMESTAMP('2024-04-18 10:00:00', 'YYYY-MM-DD HH24:MI:SS'), 'Cancha Centro', 'PROGRAMADO', 3);
INSERT INTO Entrenamiento (idEntrenamiento, fecha, hora, lugar, estado, idEquipo)
VALUES (49, DATE '2024-04-19', TO_TIMESTAMP('2024-04-19 11:30:00', 'YYYY-MM-DD HH24:MI:SS'), 'Cancha Oriente', 'PROGRAMADO', 4);
INSERT INTO Entrenamiento (idEntrenamiento, fecha, hora, lugar, estado, idEquipo)
VALUES (50, DATE '2024-04-20', TO_TIMESTAMP('2024-04-20 14:00:00', 'YYYY-MM-DD HH24:MI:SS'), 'Cancha Occidente', 'PROGRAMADO', 5);

INSERT INTO Entrenamiento (idEntrenamiento, fecha, hora, lugar, estado, idEquipo)
VALUES (51, DATE '2024-04-21', TO_TIMESTAMP('2024-04-21 08:00:00', 'YYYY-MM-DD HH24:MI:SS'), 'Cancha Este', 'PROGRAMADO', 11);
INSERT INTO Entrenamiento (idEntrenamiento, fecha, hora, lugar, estado, idEquipo)
VALUES (52, DATE '2024-04-22', TO_TIMESTAMP('2024-04-22 09:30:00', 'YYYY-MM-DD HH24:MI:SS'), 'Cancha Oeste', 'REALIZADO', 12);
INSERT INTO Entrenamiento (idEntrenamiento, fecha, hora, lugar, estado, idEquipo)
VALUES (53, DATE '2024-04-23', TO_TIMESTAMP('2024-04-23 10:00:00', 'YYYY-MM-DD HH24:MI:SS'), 'Cancha Noroeste', 'PROGRAMADO', 13);
INSERT INTO Entrenamiento (idEntrenamiento, fecha, hora, lugar, estado, idEquipo)
VALUES (54, DATE '2024-04-24', TO_TIMESTAMP('2024-04-24 11:30:00', 'YYYY-MM-DD HH24:MI:SS'), 'Cancha Sureste', 'PROGRAMADO', 14);
INSERT INTO Entrenamiento (idEntrenamiento, fecha, hora, lugar, estado, idEquipo)
VALUES (55, DATE '2024-04-25', TO_TIMESTAMP('2024-04-25 14:00:00', 'YYYY-MM-DD HH24:MI:SS'), 'Cancha Suroeste', 'PROGRAMADO', 15);

/* PARTICIPANTES (50 registros) */
INSERT INTO Participante (idPersona, idEntrenamiento, asistencia, rol, observaciones)
VALUES (1, 1, 'S', 'JUGADOR', 'Asistio al entrenamiento');
INSERT INTO Participante (idPersona, idEntrenamiento, asistencia, rol, observaciones)
VALUES (2, 2, 'S', 'JUGADOR', 'Asistio al entrenamiento');
INSERT INTO Participante (idPersona, idEntrenamiento, asistencia, rol, observaciones)
VALUES (5, 1, 'S', 'ENTRENADOR', 'Dirigio la sesion');
INSERT INTO Participante (idPersona, idEntrenamiento, asistencia, rol, observaciones)
VALUES (5, 2, 'S', 'ENTRENADOR', 'Dirigio la sesion');
INSERT INTO Participante (idPersona, idEntrenamiento, asistencia, rol, observaciones)
VALUES (6, 3, 'S', 'JUGADOR', 'Excelente desempeño');
INSERT INTO Participante (idPersona, idEntrenamiento, asistencia, rol, observaciones)
VALUES (7, 3, 'S', 'JUGADOR', 'Trabajo en equipo');
INSERT INTO Participante (idPersona, idEntrenamiento, asistencia, rol, observaciones)
VALUES (8, 4, 'N', 'JUGADOR', NULL);
INSERT INTO Participante (idPersona, idEntrenamiento, asistencia, rol, observaciones)
VALUES (9, 5, 'S', 'JUGADOR', 'Buen rendimiento');
INSERT INTO Participante (idPersona, idEntrenamiento, asistencia, rol, observaciones)
VALUES (11, 6, 'S', 'JUGADOR', 'Asistio');
INSERT INTO Participante (idPersona, idEntrenamiento, asistencia, rol, observaciones)
VALUES (12, 7, 'S', 'JUGADOR', 'Participo activamente');
INSERT INTO Participante (idPersona, idEntrenamiento, asistencia, rol, observaciones)
VALUES (13, 8, 'S', 'JUGADOR', 'Buena asistencia');
INSERT INTO Participante (idPersona, idEntrenamiento, asistencia, rol, observaciones)
VALUES (14, 9, 'N', 'JUGADOR', NULL);
INSERT INTO Participante (idPersona, idEntrenamiento, asistencia, rol, observaciones)
VALUES (15, 10, 'S', 'JUGADOR', 'Excelente');
INSERT INTO Participante (idPersona, idEntrenamiento, asistencia, rol, observaciones)
VALUES (21, 11, 'S', 'JUGADOR', 'Asistio');
INSERT INTO Participante (idPersona, idEntrenamiento, asistencia, rol, observaciones)
VALUES (22, 12, 'S', 'JUGADOR', 'Presente');
INSERT INTO Participante (idPersona, idEntrenamiento, asistencia, rol, observaciones)
VALUES (23, 13, 'S', 'JUGADOR', 'Trabajo continuo');
INSERT INTO Participante (idPersona, idEntrenamiento, asistencia, rol, observaciones)
VALUES (24, 14, 'S', 'JUGADOR', 'Mejora notoria');
INSERT INTO Participante (idPersona, idEntrenamiento, asistencia, rol, observaciones)
VALUES (25, 15, 'N', 'JUGADOR', NULL);
INSERT INTO Participante (idPersona, idEntrenamiento, asistencia, rol, observaciones)
VALUES (31, 16, 'S', 'JUGADOR', 'Asistio');
INSERT INTO Participante (idPersona, idEntrenamiento, asistencia, rol, observaciones)
VALUES (32, 17, 'S', 'JUGADOR', 'Participacion activa');
INSERT INTO Participante (idPersona, idEntrenamiento, asistencia, rol, observaciones)
VALUES (33, 18, 'S', 'JUGADOR', 'Buen trabajo');
INSERT INTO Participante (idPersona, idEntrenamiento, asistencia, rol, observaciones)
VALUES (34, 19, 'S', 'JUGADOR', 'Presente');
INSERT INTO Participante (idPersona, idEntrenamiento, asistencia, rol, observaciones)
VALUES (35, 20, 'S', 'JUGADOR', 'Asistio');
INSERT INTO Participante (idPersona, idEntrenamiento, asistencia, rol, observaciones)
VALUES (41, 21, 'S', 'JUGADOR', 'Entrenamiento productivo');
INSERT INTO Participante (idPersona, idEntrenamiento, asistencia, rol, observaciones)
VALUES (42, 22, 'N', 'JUGADOR', NULL);
INSERT INTO Participante (idPersona, idEntrenamiento, asistencia, rol, observaciones)
VALUES (43, 23, 'S', 'JUGADOR', 'Desempeño satisfactorio');
INSERT INTO Participante (idPersona, idEntrenamiento, asistencia, rol, observaciones)
VALUES (44, 24, 'S', 'JUGADOR', 'Asistio');
INSERT INTO Participante (idPersona, idEntrenamiento, asistencia, rol, observaciones)
VALUES (45, 25, 'S', 'JUGADOR', 'Presente');
INSERT INTO Participante (idPersona, idEntrenamiento, asistencia, rol, observaciones)
VALUES (10, 26, 'S', 'ENTRENADOR', 'Dirigio sesion');
INSERT INTO Participante (idPersona, idEntrenamiento, asistencia, rol, observaciones)
VALUES (37, 27, 'S', 'ENTRENADOR', 'Trabajo con defensa');
INSERT INTO Participante (idPersona, idEntrenamiento, asistencia, rol, observaciones)
VALUES (38, 28, 'S', 'ENTRENADOR', 'Enfoque en tecnica');
INSERT INTO Participante (idPersona, idEntrenamiento, asistencia, rol, observaciones)
VALUES (39, 29, 'S', 'ENTRENADOR', 'Sesion de foerza');
INSERT INTO Participante (idPersona, idEntrenamiento, asistencia, rol, observaciones)
VALUES (1, 30, 'S', 'JUGADOR', 'Muy buena asistencia');
INSERT INTO Participante (idPersona, idEntrenamiento, asistencia, rol, observaciones)
VALUES (2, 31, 'N', 'JUGADOR', NULL);
INSERT INTO Participante (idPersona, idEntrenamiento, asistencia, rol, observaciones)
VALUES (6, 32, 'S', 'JUGADOR', 'Participo activamente');
INSERT INTO Participante (idPersona, idEntrenamiento, asistencia, rol, observaciones)
VALUES (7, 33, 'S', 'JUGADOR', 'Excelente trabajo');
INSERT INTO Participante (idPersona, idEntrenamiento, asistencia, rol, observaciones)
VALUES (8, 34, 'S', 'JUGADOR', 'Mejorando rendimiento');
INSERT INTO Participante (idPersona, idEntrenamiento, asistencia, rol, observaciones)
VALUES (9, 35, 'S', 'JUGADOR', 'Continuo progreso');
INSERT INTO Participante (idPersona, idEntrenamiento, asistencia, rol, observaciones)
VALUES (11, 36, 'S', 'JUGADOR', 'Asistio');
INSERT INTO Participante (idPersona, idEntrenamiento, asistencia, rol, observaciones)
VALUES (12, 37, 'S', 'JUGADOR', 'Presente');
INSERT INTO Participante (idPersona, idEntrenamiento, asistencia, rol, observaciones)
VALUES (13, 38, 'N', 'JUGADOR', NULL);
INSERT INTO Participante (idPersona, idEntrenamiento, asistencia, rol, observaciones)
VALUES (14, 39, 'S', 'JUGADOR', 'Buen desempeño');
INSERT INTO Participante (idPersona, idEntrenamiento, asistencia, rol, observaciones)
VALUES (15, 40, 'S', 'JUGADOR', 'Muy dedicado');
INSERT INTO Participante (idPersona, idEntrenamiento, asistencia, rol, observaciones)
VALUES (21, 41, 'S', 'JUGADOR', 'Asistio regularmente');
INSERT INTO Participante (idPersona, idEntrenamiento, asistencia, rol, observaciones)
VALUES (22, 42, 'S', 'JUGADOR', 'Trabajo en equipo');
INSERT INTO Participante (idPersona, idEntrenamiento, asistencia, rol, observaciones)
VALUES (23, 43, 'S', 'JUGADOR', 'Buen desempeño');
INSERT INTO Participante (idPersona, idEntrenamiento, asistencia, rol, observaciones)
VALUES (24, 44, 'N', 'JUGADOR', NULL);
INSERT INTO Participante (idPersona, idEntrenamiento, asistencia, rol, observaciones)
VALUES (25, 45, 'S', 'JUGADOR', 'Presente activo');

INSERT INTO Participante (idPersona, idEntrenamiento, asistencia, rol, observaciones)
VALUES (51, 51, 'S', 'JUGADOR', 'Primera participacion');
INSERT INTO Participante (idPersona, idEntrenamiento, asistencia, rol, observaciones)
VALUES (52, 52, 'S', 'JUGADOR', 'Excelente rendimiento');
INSERT INTO Participante (idPersona, idEntrenamiento, asistencia, rol, observaciones)
VALUES (53, 53, 'N', 'JUGADOR', 'Ausente sin justificacion');
INSERT INTO Participante (idPersona, idEntrenamiento, asistencia, rol, observaciones)
VALUES (54, 54, 'S', 'JUGADOR', 'Buen trabajo');
INSERT INTO Participante (idPersona, idEntrenamiento, asistencia, rol, observaciones)
VALUES (55, 55, 'S', 'JUGADOR', 'Participacion activa');

/* RECIBE */
INSERT INTO Recibe (idEntrenamiento, idEquipo, asistencia, observaciones)
VALUES (1, 1, 'S', 'El equipo asistio al entrenamiento');
INSERT INTO Recibe (idEntrenamiento, idEquipo, asistencia, observaciones)
VALUES (2, 2, 'S', 'El equipo asistio al entrenamiento');
INSERT INTO Recibe (idEntrenamiento, idEquipo, asistencia, observaciones)
VALUES (3, 3, 'S', 'Entrenamiento realizado exitosamente');
INSERT INTO Recibe (idEntrenamiento, idEquipo, asistencia, observaciones)
VALUES (4, 4, 'N', 'Equipo ausente');
INSERT INTO Recibe (idEntrenamiento, idEquipo, asistencia, observaciones)
VALUES (5, 5, 'S', 'Buena participacion');
INSERT INTO Recibe (idEntrenamiento, idEquipo, asistencia, observaciones)
VALUES (6, 1, 'S', 'Entrenamiento Normal');
INSERT INTO Recibe (idEntrenamiento, idEquipo, asistencia, observaciones)
VALUES (7, 2, 'S', 'Equipos comprometidos');
INSERT INTO Recibe (idEntrenamiento, idEquipo, asistencia, observaciones)
VALUES (8, 3, 'S', 'Sesion exitosa');
INSERT INTO Recibe (idEntrenamiento, idEquipo, asistencia, observaciones)
VALUES (9, 4, 'S', 'Asistencia completa');
INSERT INTO Recibe (idEntrenamiento, idEquipo, asistencia, observaciones)
VALUES (10, 5, 'S', 'Equipo dispuesto');
INSERT INTO Recibe (idEntrenamiento, idEquipo, asistencia, observaciones)
VALUES (11, 6, 'S', 'Entrenamiento regular');
INSERT INTO Recibe (idEntrenamiento, idEquipo, asistencia, observaciones)
VALUES (12, 7, 'N', 'Equipo no asistio');
INSERT INTO Recibe (idEntrenamiento, idEquipo, asistencia, observaciones)
VALUES (13, 8, 'S', 'Buen trabajo de equipo');
INSERT INTO Recibe (idEntrenamiento, idEquipo, asistencia, observaciones)
VALUES (14, 9, 'S', 'Participacion activa');
INSERT INTO Recibe (idEntrenamiento, idEquipo, asistencia, observaciones)
VALUES (15, 10, 'S', 'Asistio correctamente');
INSERT INTO Recibe (idEntrenamiento, idEquipo, asistencia, observaciones)
VALUES (16, 1, 'S', 'Sesion correcta');
INSERT INTO Recibe (idEntrenamiento, idEquipo, asistencia, observaciones)
VALUES (17, 2, 'S', 'Equipo presente');
INSERT INTO Recibe (idEntrenamiento, idEquipo, asistencia, observaciones)
VALUES (18, 3, 'S', 'Trabajo coordinado');
INSERT INTO Recibe (idEntrenamiento, idEquipo, asistencia, observaciones)
VALUES (19, 4, 'N', 'Falta de asistencia');
INSERT INTO Recibe (idEntrenamiento, idEquipo, asistencia, observaciones)
VALUES (20, 5, 'S', 'Asistio adecuadamente');
INSERT INTO Recibe (idEntrenamiento, idEquipo, asistencia, observaciones)
VALUES (21, 6, 'S', 'Entrenamiento productivo');
INSERT INTO Recibe (idEntrenamiento, idEquipo, asistencia, observaciones)
VALUES (22, 7, 'S', 'Equipo comprometido');
INSERT INTO Recibe (idEntrenamiento, idEquipo, asistencia, observaciones)
VALUES (23, 8, 'S', 'Buena sesion');
INSERT INTO Recibe (idEntrenamiento, idEquipo, asistencia, observaciones)
VALUES (24, 9, 'S', 'Asistencia correcta');
INSERT INTO Recibe (idEntrenamiento, idEquipo, asistencia, observaciones)
VALUES (25, 10, 'N', 'Equipo ausente');
INSERT INTO Recibe (idEntrenamiento, idEquipo, asistencia, observaciones)
VALUES (26, 1, 'S', 'Sesion completa');
INSERT INTO Recibe (idEntrenamiento, idEquipo, asistencia, observaciones)
VALUES (27, 2, 'S', 'Equipo presente');
INSERT INTO Recibe (idEntrenamiento, idEquipo, asistencia, observaciones)
VALUES (28, 3, 'S', 'Entrenamiento efectivo');
INSERT INTO Recibe (idEntrenamiento, idEquipo, asistencia, observaciones)
VALUES (29, 4, 'S', 'Trabajo en grupo');
INSERT INTO Recibe (idEntrenamiento, idEquipo, asistencia, observaciones)
VALUES (30, 5, 'S', 'Buena participacion');
INSERT INTO Recibe (idEntrenamiento, idEquipo, asistencia, observaciones)
VALUES (31, 6, 'S', 'Sesion regular');
INSERT INTO Recibe (idEntrenamiento, idEquipo, asistencia, observaciones)
VALUES (32, 7, 'S', 'Equipo activo');
INSERT INTO Recibe (idEntrenamiento, idEquipo, asistencia, observaciones)
VALUES (33, 8, 'N', 'Falta equipo');
INSERT INTO Recibe (idEntrenamiento, idEquipo, asistencia, observaciones)
VALUES (34, 9, 'S', 'Asistio el equipo');
INSERT INTO Recibe (idEntrenamiento, idEquipo, asistencia, observaciones)
VALUES (35, 10, 'S', 'Entrenamiento normal');
INSERT INTO Recibe (idEntrenamiento, idEquipo, asistencia, observaciones)
VALUES (36, 1, 'S', 'Sesion exitosa');
INSERT INTO Recibe (idEntrenamiento, idEquipo, asistencia, observaciones)
VALUES (37, 2, 'S', 'Equipo dispuesto');
INSERT INTO Recibe (idEntrenamiento, idEquipo, asistencia, observaciones)
VALUES (38, 3, 'S', 'Trabajo coordinado');
INSERT INTO Recibe (idEntrenamiento, idEquipo, asistencia, observaciones)
VALUES (39, 4, 'S', 'Buena asistencia');
INSERT INTO Recibe (idEntrenamiento, idEquipo, asistencia, observaciones)
VALUES (40, 5, 'N', 'Equipo no asistio');
INSERT INTO Recibe (idEntrenamiento, idEquipo, asistencia, observaciones)
VALUES (41, 6, 'S', 'Sesion correcta');
INSERT INTO Recibe (idEntrenamiento, idEquipo, asistencia, observaciones)
VALUES (42, 7, 'S', 'Equipo presente');
INSERT INTO Recibe (idEntrenamiento, idEquipo, asistencia, observaciones)
VALUES (43, 8, 'S', 'Entrenamiento bueno');
INSERT INTO Recibe (idEntrenamiento, idEquipo, asistencia, observaciones)
VALUES (44, 9, 'S', 'Participacion activa');
INSERT INTO Recibe (idEntrenamiento, idEquipo, asistencia, observaciones)
VALUES (45, 10, 'S', 'Asistio correctamente');
INSERT INTO Recibe (idEntrenamiento, idEquipo, asistencia, observaciones)
VALUES (46, 1, 'S', 'Sesion normal');
INSERT INTO Recibe (idEntrenamiento, idEquipo, asistencia, observaciones)
VALUES (47, 2, 'N', 'Falta de equipo');
INSERT INTO Recibe (idEntrenamiento, idEquipo, asistencia, observaciones)
VALUES (48, 3, 'S', 'Equipo presente');
INSERT INTO Recibe (idEntrenamiento, idEquipo, asistencia, observaciones)
VALUES (49, 4, 'S', 'Buena sesion');
INSERT INTO Recibe (idEntrenamiento, idEquipo, asistencia, observaciones)
VALUES (50, 5, 'S', 'Entrenamiento productivo');

INSERT INTO Recibe (idEntrenamiento, idEquipo, asistencia, observaciones)
VALUES (51, 11, 'S', 'Equipo activo');
INSERT INTO Recibe (idEntrenamiento, idEquipo, asistencia, observaciones)
VALUES (52, 12, 'S', 'Entrenamiento exitoso');
INSERT INTO Recibe (idEntrenamiento, idEquipo, asistencia, observaciones)
VALUES (53, 13, 'N', 'Falta de equipos');
INSERT INTO Recibe (idEntrenamiento, idEquipo, asistencia, observaciones)
VALUES (54, 14, 'S', 'Sesion productiva');
INSERT INTO Recibe (idEntrenamiento, idEquipo, asistencia, observaciones)
VALUES (55, 15, 'S', 'Participacion total');

COMMIT;
